,A,B,C,D
2000-01-01,1.4595459605394319,1.003687973147686,-0.3465274273743158,0.9831600564709805
2000-01-02,2.3858978257856536,1.6576114002050657,-1.0911768936017483,-0.6617446081325496
2000-01-03,3.0435998301088976,3.689501563847192,-2.555640317421169,-2.1826593441815945
2000-01-04,3.1732839644350173,2.528590768027923,-1.853058592454993,-1.4210337312509669
2000-01-05,2.8063012131948857,1.8443366682165894,-1.5847142232312499,-0.894004103102868
2000-01-06,2.707719321433567,2.1869065420312253,-0.5821143823263955,-1.3561047177487173
2000-01-07,3.0159382536892663,2.139266093488424,-0.9269933044162568,-2.065398012352528
2000-01-08,3.9085851765029873,1.9264650080656938,-2.388659543743367,-2.218394100536328
2000-01-09,3.9893600858128364,2.2333919724481675,-0.5754469096132953,-3.4931278694012162
2000-01-10,2.9981565801626275,3.3128911779254326,-0.10113775145219212,-4.142530708195683
2000-01-11,4.101558871355171,2.743193175918678,0.7667276920426382,-5.272409701042114
2000-01-12,2.9843724374713454,1.7976076398684673,0.4440824294439223,-5.806952313367694
2000-01-13,0.9751040300507428,0.39270310258718366,1.3392099166543772,-5.396550303564241
2000-01-14,1.0677027313749363,-1.7050256326973505,1.382748026958187,-5.229099834121516
2000-01-15,3.1019568264915085,-1.6618337585169245,1.0575981983727283,-6.22686381287125
2000-01-16,2.720323704232502,-1.681416279902326,1.6750564670023416,-6.4313005438647854
2000-01-17,0.8908026626820249,-2.269760452771985,1.2570174563121634,-5.410589633081328
2000-01-18,0.8308310233838004,-1.1167227483103719,1.8609244971715482,-5.841079235677123
2000-01-19,0.6199075057026358,-1.423739655909482,1.660747176529832,-5.310209049689743
2000-01-20,2.773552982103,-1.4793607013997176,1.6167173900095229,-5.272960178218719
2000-01-21,4.646146108750995,-3.3060279669532733,1.170171311727516,-3.51303947525165
2000-01-22,2.8760094213943894,-3.532205407473508,-0.16175800308625332,-2.4356471349211875
2000-01-23,3.536201501196527,-4.089301206696345,-1.9906626483947234,-2.4571675389346956
2000-01-24,4.8301454466405165,-4.899408142731816,-2.1744263100551144,-1.4798288427571844
2000-01-25,4.406303884032744,-4.542070124735962,-1.040165867603535,-3.6152219924992557
2000-01-26,4.037550818182868,-4.289941533793003,-0.32076495730772103,-2.2709657954436944
2000-01-27,5.272128680352522,-4.507374757110084,0.22787513459914377,-1.0754931499764024
2000-01-28,4.625317851546884,-3.6740860729667117,0.11378885223974362,-2.1883763142299593
2000-01-29,4.150530185726464,-4.401437262869084,1.0349520067787288,-0.7806100527129243
2000-01-30,4.975264154030615,-4.736304319439267,2.437436314036787,-0.6370694748474848
2000-01-31,5.038776294521862,-6.147163038659697,2.8033702941603877,-3.042830632304265
2000-02-01,4.8324097544169815,-6.146550535195955,2.8476892026725156,-2.8529051109687584
2000-02-02,4.089994646384682,-5.399428225769673,4.405573058880913,-1.9117938300968569
2000-02-03,4.106890981523483,-3.11293813360251,3.4851548570922453,-2.9825683436274306
2000-02-04,5.027077422048476,-1.4856834625879123,3.8660973235950364,-2.9475848180331874
2000-02-05,4.56482045789211,-2.1561660820431667,5.157819015010231,-1.7699511729439779
2000-02-06,4.691011616238508,-1.1487553170836153,3.4760618276451547,-2.404559581976187
2000-02-07,6.706324651293265,0.8820149336593937,3.503484002623399,-1.3220705754253332
2000-02-08,7.621609469347341,0.31971382743300447,2.7363504092722564,-2.481178214396365
2000-02-09,11.031813035875778,0.3910171028886609,3.769504300929561,-3.583652047407801
2000-02-10,12.805163013070404,-0.18384842506853627,4.620593760394549,-3.4488671456853535
2000-02-11,11.734967064606384,1.1774230550367308,5.534879872097189,-3.2164222684512294
2000-02-12,12.197397773553861,0.3480779285470973,5.397236781554507,-4.9765985955813665
2000-02-13,11.183265205698625,-0.48401465171384184,4.630795309461554,-5.066869226790629
2000-02-14,9.781104825554745,-0.9095011432263771,3.0633369127047563,-5.6257096056242215
2000-02-15,9.02694127695007,-2.6987408413483966,3.358158759666883,-4.607327471950443
2000-02-16,11.070172857356013,-4.806767829512835,3.6928805420402515,-6.225277913928865
2000-02-17,10.399792266854043,-3.851891808483561,4.2747574621137705,-5.562315421889734
2000-02-18,11.319031004413047,-5.982846969360558,4.469351821312291,-4.525908266868654
2000-02-19,11.780005391110405,-7.224287165289924,4.797228903148355,-3.821775968490538
2000-02-20,13.155325570130547,-7.303107067631841,5.688277740244284,-5.0702145940699594
2000-02-21,11.726571863238924,-7.688739554373779,7.253427718133984,-5.770325449123633
2000-02-22,14.459102995357412,-7.683150749953015,7.123505372230312,-5.766804773538633
2000-02-23,12.319481421457464,-8.275384134150967,9.01611249306132,-5.871575522336355
2000-02-24,13.393927050273394,-6.593918652131123,9.814048346911093,-5.85180411934991
2000-02-25,12.74553165685676,-6.231094303311699,8.258305009938706,-6.751474453148674
2000-02-26,13.532621713034048,-5.944656321488547,9.48835167253752,-6.766122823350638
2000-02-27,13.88778782412332,-6.996899926100587,10.595967518047646,-7.308849240861348
2000-02-28,13.337304710518033,-6.289032336238635,10.919835574749305,-5.8451314347233625
2000-02-29,11.977079071021452,-6.203976049091318,10.822983644746204,-6.899191718385146
2000-03-01,11.304761448713073,-6.383446941644693,10.667666264947933,-6.625497827720017
2000-03-02,10.247068214369634,-6.835570836980423,11.601068740350366,-8.00361264714294
2000-03-03,11.258116352531697,-8.671765900385498,12.57714290042899,-7.564934722641796
2000-03-04,10.448852914525201,-7.409651694662286,12.355433112087434,-9.123819163254353
2000-03-05,11.007543478247669,-7.937034796406714,11.193197800522434,-9.629584171250881
2000-03-06,11.676492543695005,-7.8133303907616085,11.198751695814716,-10.027926829152532
2000-03-07,10.612856106393442,-5.568714495616943,11.055733672030374,-10.331364542235752
2000-03-08,9.056634145060382,-7.038451532269181,12.352818671885752,-11.36056072494084
2000-03-09,8.599840564055397,-5.302905231384853,10.955147710186772,-10.226461748282759
2000-03-10,7.678830266795458,-5.810629132474116,11.777597430896021,-10.146895425928498
2000-03-11,9.352389125564187,-7.1842180961530895,12.429819826839774,-12.287038903997088
2000-03-12,10.405942395290781,-5.780705041535645,13.698622231936351,-11.853069504779887
2000-03-13,10.909720876087041,-5.188944667747025,13.153382029987792,-11.66831861010686
2000-03-14,10.839754440585589,-6.231816743356015,12.354904733970486,-13.5437163274295
2000-03-15,11.14083850527121,-5.843566625150577,12.296928333466886,-14.052460564148666
2000-03-16,11.548923072912359,-6.1755298255985025,13.012785762177705,-13.455826356885964
2000-03-17,9.703871352807475,-5.590173677597748,13.56766258217779,-13.562052182729632
2000-03-18,9.962647502024444,-7.18765502114944,15.09154693194956,-14.36146337970949
2000-03-19,8.320918736745964,-7.878616913094249,15.540084538659078,-15.267554930123817
2000-03-20,7.009748396916473,-7.033024440739201,15.13914821485694,-15.8746200285456
2000-03-21,5.619426330343354,-8.033016453447871,16.37628197657826,-14.669151941441614
2000-03-22,4.439283641423093,-7.573708791113186,17.008546611642522,-13.19174159396029
2000-03-23,3.057865813515616,-5.709168184018388,16.560107322400654,-12.615683862283664
2000-03-24,2.917982247411597,-5.265407214954099,17.390813188993615,-11.511000597819573
2000-03-25,3.1270286501198292,-5.330576889900624,18.868590519200215,-10.402225893234885
2000-03-26,2.1964150744931965,-4.55006774822406,18.885012127649265,-12.731957895467026
2000-03-27,4.594795666496043,-3.71878593897199,18.360085740621635,-11.847024181354978
2000-03-28,4.186967038803348,-4.701671487894525,19.10281206355029,-11.107068289757462
2000-03-29,4.489383003110346,-4.97435077162639,18.899324430163734,-12.500586805355107
2000-03-30,4.983362343054918,-5.755042439314285,20.477700705287262,-13.372087136617157
2000-03-31,5.730906430987068,-5.106593713063918,20.4083364310181,-14.439761808753584
2000-04-01,6.102406312105539,-4.122674532136023,20.663134579054073,-13.507044716556367
2000-04-02,7.348414480080093,-4.242518337719028,21.14482034829971,-14.063938987791573
2000-04-03,6.856233624112623,-4.293309081882558,21.94316598529747,-14.695894645301804
2000-04-04,6.170676089620041,-4.72270779109051,21.926737933272836,-14.460973462792955
2000-04-05,5.079053470923171,-5.389385979622333,21.80623130427539,-13.659670135197116
2000-04-06,4.602399349739313,-4.004571907611299,21.679042865378655,-13.165670619907802
2000-04-07,5.707596641742896,-4.326270182867827,19.945263819129906,-11.67336713322154
2000-04-08,5.414429228079434,-3.7838092410423085,19.64743538860394,-11.741030618119037
2000-04-09,4.263023855862345,-3.382629970017763,18.772607815785268,-12.896337357322075
2000-04-10,4.8779076710793134,-1.6484231757821135,20.137560778949283,-11.298910832388415
2000-04-11,3.063637737040122,-0.5102886465326291,19.146306518583255,-12.430249659578983
2000-04-12,4.170888930775937,-0.8206285590240664,20.82046487746825,-11.419865462974837
2000-04-13,5.539622197887126,-0.4465843250418234,20.510342915590364,-11.692141070267589
2000-04-14,6.0161810519165915,-0.2312369362153623,21.86372058200267,-12.61075937035792
2000-04-15,4.8851831338472325,-2.263621285627503,22.42597440004538,-11.202426937930285
2000-04-16,6.755403777338861,-2.580489020073182,22.743210334287845,-11.938770962534102
2000-04-17,6.88108088281268,-3.5511014951389592,22.998781791087456,-11.821693087820252
2000-04-18,6.222023525660363,-2.225336412618633,22.421883686853658,-9.962754602136211
2000-04-19,5.370889210252568,-2.036179950991953,23.091584550084523,-10.368494918653091
2000-04-20,6.244108730507868,-2.8063604307960484,22.875092586562893,-10.094159954122276
2000-04-21,6.7408505862687775,-4.464565832956848,22.148646711098174,-10.111701991076455
2000-04-22,7.283131457851684,-5.367486841409294,21.252206111708684,-10.732805355744127
2000-04-23,6.146884637407966,-7.193183460375387,19.849325568254688,-12.067215920149566
2000-04-24,5.847929365329355,-5.258484276827929,20.288415113946815,-10.951753159079209
2000-04-25,5.251517078662704,-6.222954681266908,21.492802777786345,-11.200749512881352
2000-04-26,7.113704212130043,-5.351149757480597,21.588107536326667,-10.586748249131187
2000-04-27,7.896692506655622,-6.307905741811852,21.38875625835099,-9.659703913484757
2000-04-28,8.681970924253438,-5.564273307628181,20.381672565175837,-8.167435139076142
2000-04-29,7.684515448855485,-4.672802640959576,20.814319393629123,-7.954075510828841
2000-04-30,8.347760982463727,-5.7893126375932304,21.22984386522088,-7.857932684239816
2000-05-01,7.827064723904575,-5.847586721416717,21.36159424831453,-6.673948517410601
2000-05-02,7.182051747782333,-4.318638080261504,22.53175446416387,-6.713771292012137
2000-05-03,6.6857526390462425,-5.415534586794332,21.967084263737622,-8.206766473490534
2000-05-04,6.136761174013182,-7.846922379402189,21.699122118411594,-8.918575971488883
2000-05-05,7.2520660027802455,-8.584687976747503,23.177427964345917,-8.915932276426089
2000-05-06,5.408520216289976,-8.474893532067687,23.842372788785898,-10.91976491254203
2000-05-07,4.749800074417316,-8.96616949511694,23.745508201293283,-9.051321367355646
2000-05-08,5.396766755499059,-7.948137129198232,25.777840124876363,-9.532297047189598
2000-05-09,5.474530015268967,-10.63285431233589,27.84200774661909,-9.082719965369286
2000-05-10,5.483208589710584,-10.764012475569183,26.49218834515952,-11.658392859940431
2000-05-11,4.878900156477632,-10.26805941181644,26.37799510331052,-11.479145549343334
2000-05-12,5.304620857976784,-9.980220316654359,26.564309736420277,-10.750154856572832
2000-05-13,5.911229241830245,-9.096044569828441,26.690994335996116,-10.246572458528076
2000-05-14,4.602353770519663,-9.818372155991362,28.135119416574142,-10.106956139919076
2000-05-15,5.968340066588084,-8.40757860338304,28.581950916421217,-8.51209391831692
2000-05-16,7.352248238195461,-8.472794184455182,28.032622260831463,-7.514233549853399
2000-05-17,7.280767557053558,-9.660794576585321,28.56636772555539,-7.55491966427368
2000-05-18,8.223041067295181,-9.464387209095321,27.726653380935197,-7.848770066137732
2000-05-19,7.3967876574177795,-10.400672488684709,26.627464437770136,-8.96678805308128
2000-05-20,7.431252736622228,-9.583737740533106,26.638942078604924,-8.229295431324479
2000-05-21,8.140252019063114,-11.168944202815446,26.387469939040606,-6.859467712261488
2000-05-22,7.9335779300416345,-11.170684326679359,26.376319741246224,-6.860059162526213
2000-05-23,6.505352647784476,-9.142036413413404,26.57420189890898,-7.310245725551974
2000-05-24,6.112315575313935,-9.14368374923694,27.048231034309232,-5.434763318624551
2000-05-25,5.747270815675753,-6.424678403499359,27.219121239326793,-6.441816949569082
2000-05-26,5.744129088338652,-5.246654484987562,27.558447079708042,-5.892733035954055
2000-05-27,6.275521217398364,-6.501142838929277,24.95631398172344,-6.062775464174497
2000-05-28,5.500113002853856,-7.655810526781766,25.095121503926354,-7.143270235915271
2000-05-29,5.017951574043165,-6.886305075390272,23.071543715969145,-6.224075821990892
2000-05-30,4.979903368104536,-7.962788500535986,23.959205619275366,-7.432251669167286
2000-05-31,7.049870519833837,-9.166701390810964,24.227364608949127,-7.284218122665313
2000-06-01,5.905013912661023,-10.069295526844163,23.496993485926904,-6.9372345836636145
2000-06-02,6.206159604075215,-10.588394270596925,23.421568806374676,-7.016549137677015
2000-06-03,6.600230388696,-8.635368061109848,23.299863297702032,-5.852555743602451
2000-06-04,6.2626923763352815,-9.36350409182464,23.153156974479117,-5.86541115019914
2000-06-05,3.40160239584253,-10.261716744558576,21.359098654373636,-6.423280969681885
2000-06-06,2.3204272334567486,-9.553874022759432,21.14907022793082,-4.75661375167614
2000-06-07,0.71679276305852,-10.289831173081774,21.76714509836527,-6.479334720302925
2000-06-08,1.5891962967929005,-10.783346813626524,19.761020401740033,-6.076691277552269
2000-06-09,0.5898945204756987,-10.366520321028503,19.876153297264317,-5.904226952765241
2000-06-10,2.9520257373485035,-10.467123562575486,19.458453437396567,-5.983380497342882
2000-06-11,2.822051293746951,-9.90257734806785,19.147812743854264,-6.755192071018159
2000-06-12,2.4970736619466147,-9.963799557942862,19.69658333246509,-6.71593141312956
2000-06-13,1.0351479467521965,-9.456672161385121,20.039187436832833,-4.836340701880928
2000-06-14,0.3450542239451191,-10.28006153625395,19.28532395835367,-5.818399159925728
2000-06-15,0.9874745384892196,-10.660312450113087,18.243531521588626,-4.309960843609103
2000-06-16,0.6929982868010534,-10.699528640150366,18.6459405354939,-4.324332865163161
2000-06-17,1.135543353153679,-10.195387499358066,18.207798699410365,-3.858158951340468
2000-06-18,2.1038625027513547,-8.950024309549546,18.58176362811308,-2.2989982172727563
2000-06-19,2.214186973978619,-9.342110655035375,18.483560144351653,-2.2298488028999084
2000-06-20,3.097774047266041,-9.164677217385108,18.455914941069853,-2.2889222395946
2000-06-21,3.018215856599311,-9.127661474604587,17.876159761068852,-1.3144136718494104
2000-06-22,3.3947593053652954,-8.333108277854821,17.30232824701335,-2.322783342840446
2000-06-23,3.3418873413213777,-7.8586462846243625,16.178333017766604,-2.8831618696596086
2000-06-24,3.3777044375034526,-7.718142241177383,16.50466101155415,-2.614356079773197
2000-06-25,2.3175491628984117,-5.595666411989143,15.187864611941599,-2.9494872690565734
2000-06-26,2.378568047830728,-7.107394503372057,14.874198665735076,-4.44759748805371
2000-06-27,3.5884157521764735,-7.90519329422526,16.403364489081433,-2.3602540935110023
2000-06-28,3.2687886863138473,-8.263634585483917,15.965607433299489,-3.250810355840663
2000-06-29,2.0733505439129294,-8.25323015094896,15.627065452976405,-3.5715441841906737
2000-06-30,2.0546212376844637,-8.056962891294182,15.697089499870621,-4.556321091630897
2000-07-01,2.4910282233795065,-7.810608644470276,16.800520360135426,-3.193795456867675
2000-07-02,1.9603612774468429,-6.886433618939155,17.082028141285683,-3.123168204796689
2000-07-03,2.0194615756383945,-5.4144913192870865,17.08003336010703,-3.7530204077713587
2000-07-04,2.149193894296576,-5.565401641190682,17.843216262760862,-3.0126831664023896
2000-07-05,2.3306968830519095,-5.574187561082012,16.909592289419834,-1.2066393981785108
2000-07-06,3.1127908049197184,-5.419972029272315,17.245764512674434,-0.6448908169666664
2000-07-07,3.405089690869576,-5.618845195299602,16.079358051649393,-0.8933614246675984
2000-07-08,4.255454239994924,-4.871749668188511,14.927447844315688,1.0462104280382518
2000-07-09,3.804863121867801,-5.138964772256264,16.80080448066619,0.6402326098443669
2000-07-10,4.5904002981809295,-3.491756303683724,16.038586315802938,0.9698872317662458
2000-07-11,5.928591446875816,-3.7451554443156394,16.16266747355491,1.0329225842994547
2000-07-12,6.486730150135123,-4.477204836066867,16.62264170194316,1.4576747456190327
2000-07-13,6.952511040312651,-5.339707716872758,15.887099979167571,1.9443442397732615
2000-07-14,7.77540659214523,-5.6885746009280425,15.8940258032191,2.1895929510623646
2000-07-15,8.179859219154311,-5.343038865415165,15.760970772974124,0.6243964585753796
2000-07-16,8.203638770021271,-5.376930236596312,15.307976579431298,1.5050206291137018
2000-07-17,8.0735349395112,-5.999120940574224,16.30564874241259,1.8318478030618222
2000-07-18,8.701852155640477,-5.614146749542811,16.353057909994995,-0.08328536780373197
2000-07-19,8.995215312002465,-5.7393808369619626,16.63612966143282,1.2076611102507888
2000-07-20,8.57216807746906,-7.234884473168305,15.448915081713766,1.8935814047655484
2000-07-21,9.850490852150623,-6.354861626124128,15.687122413709321,2.083439269441921
2000-07-22,10.181032912249323,-7.459308391081631,16.80724808106423,4.184403698584713
2000-07-23,10.356399868624115,-9.219395067447538,15.788563589352524,3.3030603638590783
2000-07-24,11.256483347216813,-9.456223343750784,16.650655692266252,3.406371695764594
2000-07-25,11.181062751421479,-9.65336704514858,17.23452629381203,1.1934349343961963
2000-07-26,10.599244660406029,-8.091578739343236,18.754462751674993,0.4299695206863803
2000-07-27,9.855248695839762,-7.7322969234790255,19.151667485401504,-0.31664174983402527
2000-07-28,10.149127658059031,-8.444655108803605,20.622857054233982,-2.112526758633962
2000-07-29,9.209049073168366,-8.234088280434717,21.04933941316532,-1.5518433949489288
2000-07-30,9.363624272159827,-5.939752072954903,20.72207583751617,-1.0017172597680755
2000-07-31,8.402489550489506,-4.801499172529943,20.878386624596683,0.21988081346509492
2000-08-01,8.105791445618346,-6.019205230810764,21.61329619901521,-1.1757531689139622
2000-08-02,7.325819539417726,-5.2429948263092925,21.59609580017777,-1.3394712745767612
2000-08-03,9.05463713822909,-4.745780875309594,21.760422550666892,-3.410848007719382
2000-08-04,8.819192083477224,-5.698881260556107,21.45653436140807,-3.7345563625445637
2000-08-05,9.197728122149918,-4.778436614760995,22.0570138609949,-4.137614650937509
2000-08-06,8.885497998683089,-4.494832883086615,19.24357231673909,-2.2523712327464946
2000-08-07,8.457427056710177,-5.753294670862511,19.415665751754503,-3.3394744172948743
2000-08-08,7.749768747301569,-5.531779976670349,18.465530353585383,-2.3757491216230475
2000-08-09,7.895955765901817,-6.589937961852538,17.056734452652403,-3.9138282131721427
2000-08-10,9.12360427405764,-6.614794846051497,16.739542995395016,-1.5027039781470126
2000-08-11,8.576707425723903,-5.422272299020958,16.433806238612732,-1.1207728185398884
2000-08-12,8.699004977099431,-5.517575346333171,17.23028839962641,-1.6307446156041578
2000-08-13,8.090192890710616,-4.735859517373701,16.24942775650898,-2.2664308806345588
2000-08-14,7.650531885666523,-4.736637187115413,15.923982977028347,-2.8859330394353218
2000-08-15,8.02052556541428,-5.125784633047861,16.383041356972427,-3.1293975920129196
2000-08-16,8.30562229326935,-3.5232073144560587,16.89367457476004,-0.5213795005257293
2000-08-17,8.622221776202174,-1.856652684144386,16.01282556119021,-2.247015794972171
2000-08-18,9.97968665745679,-2.4343311276483646,17.04857694831554,-1.5869453891942715
2000-08-19,9.356557619166882,-3.904338609350982,17.860846560558585,-2.0248129113612268
2000-08-20,8.516624451885043,-3.0623726965806384,16.689932456168176,-1.7523407594215463
2000-08-21,6.685923613246054,-3.595911165997327,15.649007952154161,0.9463334962309626
2000-08-22,7.119566151037891,-4.001475196149171,15.534043877970104,-0.28934628900813775
2000-08-23,7.596243537150992,-4.958990321901084,15.310483607673644,1.2695025503855795
2000-08-24,7.724770520948594,-5.365747575854049,14.757469893714381,0.7295970601508132
2000-08-25,8.472834366410602,-5.838025130957139,15.889082076459935,2.6004475153186366
2000-08-26,9.251344675427783,-5.815068737750256,15.564320040731461,4.9009573890916265
2000-08-27,7.73888627322833,-7.4925924563892154,16.186134510684752,6.143079802937181
2000-08-28,8.306164238145069,-7.294430862128637,16.6843630782884,5.817143041028443
2000-08-29,8.57043494580511,-9.511162047861244,17.376671114709332,5.915490629099695
2000-08-30,9.28923801340286,-7.787786476003653,16.86069815316844,6.139198217723606
2000-08-31,10.801290779640869,-6.947857161355271,16.724784915923472,5.340926499746121
2000-09-01,9.810911385966794,-6.34827813945274,15.570069250247819,5.5646411099987665
2000-09-02,9.75482449371636,-7.839247976677068,17.13198617064543,5.600743481608975
2000-09-03,8.906732057088332,-7.256431722993718,17.771010647917468,5.720615386282823
2000-09-04,9.21815850221852,-6.675949768905627,18.144045342218117,5.193010690490933
2000-09-05,9.263404125004504,-5.689927018419964,17.962844786179385,5.069094181747776
2000-09-06,10.841907889456154,-5.316295764730456,18.13656529049003,5.630154853988595
2000-09-07,9.886599857531653,-3.9092014802620714,18.05363411298364,6.130115344319307
2000-09-08,9.193528713181127,-2.2391512308528516,18.71420931562757,7.864245438849305
2000-09-09,11.068637234966182,-1.2747825908180788,18.51388670333975,6.548391381848486
2000-09-10,11.284474775037252,-0.8462768001843086,18.070422723699,7.177938106601403
2000-09-11,11.585316412624998,-0.5937636104143403,16.98618237562493,7.8667040966304125
2000-09-12,11.705306982374442,-0.7876274166795698,17.03296781422302,7.0605053473115555
2000-09-13,13.39127989587579,0.1483004640980664,16.278917664474058,6.968633063940459
2000-09-14,11.128835360355485,-0.05338034062861324,16.273142590621127,8.92119667629722
2000-09-15,9.947267208362446,0.012628273371442456,14.257637516900267,8.045511073574831
2000-09-16,9.446602344742798,0.12996718054955458,14.159510914078187,9.326679877962494
2000-09-17,9.43450291899165,-0.7393273166431146,14.23628039809949,9.05315277611505
2000-09-18,9.435406223675606,-0.5462254919168974,14.821433186961407,7.670104675324705
2000-09-19,9.679643523032965,-1.7723350624545753,13.881103467165886,8.360664917503321
2000-09-20,9.326162964606542,-4.044134445609056,13.966520039004738,9.838580814471634
2000-09-21,8.276167476626195,-3.1007378125765506,14.824110999032273,10.111890563163795
2000-09-22,8.023004566008368,-2.263955460808422,15.48811116264624,7.890494277668132
2000-09-23,7.636668371327851,-1.5699158664027317,15.973268772956501,8.15121031751057
2000-09-24,7.088892511932861,-2.4260624362113763,17.543735097380882,6.6035557717730144
2000-09-25,6.727377462187832,-3.9090713781748256,18.571730491888125,8.3298051851934
2000-09-26,8.533017673203323,-3.4315111006721475,19.00287879984852,7.449844259499193
2000-09-27,7.476743156054273,-3.455297041837141,19.525839451013617,6.617715075492617
2000-09-28,7.754787769221894,-2.6392665945319815,19.611534024520445,6.467732487365914
2000-09-29,5.509146773787505,-3.796943543016241,18.446179036168857,4.141277642369009
2000-09-30,7.092001439844319,-2.922406085605591,18.28502810014544,3.8303546407001785
2000-10-01,8.632808808634554,-3.361770593373182,18.790285141466196,2.996147998711918
2000-10-02,7.847389991666517,-1.8435870542530823,18.86469803453832,2.494008137444245
2000-10-03,8.17843363463645,-1.438103693328129,21.34602931860975,2.0326600465512796
2000-10-04,8.52049165932082,-0.6910319934993638,20.346379269471548,2.1432855128394834
2000-10-05,9.067554482913934,-1.5429651808876286,21.527174369950632,0.42207333875462316
2000-10-06,8.90485313032785,-0.4804146064098944,21.48689524354823,-0.14016736780938532
2000-10-07,9.051664359870916,1.4380618322735939,23.00892689746388,0.21564923000471664
2000-10-08,8.383241174578902,1.628505497411041,24.34697401804749,-0.7484104011325039
2000-10-09,8.645820157621493,2.211050730801244,24.044021895485695,-0.2760939014529648
2000-10-10,7.630661334677594,1.432595971582764,23.977416320229068,0.20792697998370885
2000-10-11,6.270863449103687,1.382400649175278,22.858303716177907,1.1123301794112657
2000-10-12,6.327140861170539,1.5468249940025607,22.330821017543027,-0.02551982264226238
2000-10-13,7.379096326447207,2.3050623315175605,22.33925954623673,2.300121843425853
2000-10-14,4.892596825601909,3.569938949369841,23.54507303759055,2.322318354053184
2000-10-15,4.08824359039483,3.9661471205447625,22.297530986821958,3.8684391466079626
2000-10-16,5.140735426228062,4.054912245972431,24.202748508194567,2.770438107661268
2000-10-17,5.056059622012618,6.4235745432995905,24.671132099734955,3.556217737900775
2000-10-18,6.238679305572054,6.231239246682146,27.355822146326016,3.40650391071621
2000-10-19,5.104535078978057,6.437788514658051,26.59498464501831,3.083512946335279
2000-10-20,4.0304241180151354,7.019759792442795,27.88088870428412,4.823564736796001
2000-10-21,4.661626767059113,6.168204192274885,27.96453925649903,4.688336757939541
2000-10-22,5.129768591067828,5.810864629291817,28.920632275836255,4.245950943301108
2000-10-23,4.603795889504078,4.796388015637021,29.944137229642653,3.732482370545087
2000-10-24,3.116310695849547,5.842906572648666,29.8817727603806,1.9409749160196192
2000-10-25,3.2565229003340845,6.046928087573367,30.108743744433436,-0.2720146854367165
2000-10-26,4.118179397481846,4.437710758212878,28.880835360877608,0.9052200952887988
2000-10-27,4.758992843526647,5.558971818660764,29.25428287413587,2.570034202330311
2000-10-28,5.482809028243119,4.782057112749501,29.439506817044947,1.8399261987183744
2000-10-29,6.98973005858757,5.065333254669737,29.07614159536146,1.4405640325826405
2000-10-30,7.128949785894475,5.239468784023026,31.02764828248103,0.5190103610159496
2000-10-31,7.960762695834873,5.233528393876913,29.764473822034986,0.304954395653911
2000-11-01,9.11892048486673,5.789278859335026,30.168218704302042,-0.44113475073235275
2000-11-02,9.128259872934285,4.369113801880497,29.68632460699758,-0.8072420420346516
2000-11-03,9.378716317891804,5.038513232840289,29.474751933789207,0.3191864224435672
2000-11-04,8.45361893486813,3.8257952933426114,29.201949776772206,-0.20992345364795018
2000-11-05,9.034231188967542,3.22077411446717,28.371175014205157,1.615644283711877
2000-11-06,8.867366034895715,3.735216884903247,27.047421069647733,2.5540424806857245
2000-11-07,8.14362335973363,4.089851776282017,27.047300970485654,2.6185408978439835
2000-11-08,10.278711445221688,3.2722904792394947,26.16571862474749,1.6518622646051686
2000-11-09,9.868405250386981,2.7000436233988276,27.220989861900446,1.2725075177999494
2000-11-10,11.991852455956545,1.9643917261021222,27.164712961910435,2.0014300096797912
2000-11-11,10.851077504224259,2.1257604120190967,26.731945783907804,2.998854699513614
2000-11-12,9.480654554676173,3.207229882970805,25.492863694974567,4.402261145374634
2000-11-13,8.772606616001145,2.6174723627120655,24.78917519849481,3.877094032978391
2000-11-14,8.718916858094628,4.8374886105875134,26.08559706685632,5.052284228251027
2000-11-15,9.455494709082181,5.864686931320611,25.18767306474956,6.852260079513175
2000-11-16,9.724766802346174,6.073082163503403,27.16505975556426,4.7154748499501125
2000-11-17,9.965284537623543,5.90212681513844,26.77266712070969,5.806060878398435
2000-11-18,10.230203874107742,6.1108856190362815,25.832058748803565,6.046552719476046
2000-11-19,9.377582577759512,5.587615954672907,25.268104420047564,4.80008641061886
2000-11-20,11.376283576753547,4.231544529920528,24.35774650807105,4.709536464983122
2000-11-21,11.070622672050526,5.722857340082555,21.693280446874834,6.120848982801084
2000-11-22,12.027520935924906,5.7670764867717175,22.030112480805126,4.793408418856802
2000-11-23,11.111605372919763,6.017010884308963,21.57279567641264,4.428337083454207
2000-11-24,11.257389072427728,7.123844196279662,20.958007190360867,2.454211802691418
2000-11-25,10.975793473447526,5.299441303546276,20.611838310543966,2.0399691292736035
2000-11-26,13.392255760280758,5.082765755853369,20.779308797771076,1.6380169278185073
2000-11-27,12.971455493973794,5.090783064716831,22.60845671161329,1.8727780657640383
2000-11-28,13.237441060473817,5.282430478823345,21.439707104530644,2.1767378085808886
2000-11-29,12.814536372364133,6.746453892294644,20.132745558614648,1.3827665675887804
2000-11-30,11.943736519976364,6.701397324347683,20.069278358707766,0.1544194092490876
2000-12-01,11.33727277754399,9.161281622767195,20.38818348726111,1.2735654405742047
2000-12-02,10.309945721924004,7.0324294560064455,20.854639392835253,1.883826397304002
2000-12-03,10.610849912384117,6.346770269150418,21.82318314829981,2.328890249630158
2000-12-04,7.771319704607437,6.235797611527294,23.743252422887913,1.0303437215853652
2000-12-05,8.08513652981011,5.199682827539041,25.117515867535072,0.7119552999050248
2000-12-06,9.541193154867829,4.626871731912358,26.116852431920226,0.47942812882789476
2000-12-07,9.21357711978149,4.653913712123798,26.619718888612155,0.9141222014470486
2000-12-08,9.41195166963235,5.407842392147278,24.576053625317982,0.045624443408667115
2000-12-09,8.955331272879787,5.597958302183377,23.687458558569425,1.13568350912501
2000-12-10,9.688632655698225,4.897416201222304,23.46469970856423,1.2808468452653852
2000-12-11,10.250711033735062,6.465175005554176,22.133957444548773,2.114786007527482
2000-12-12,10.633269331539372,4.937078117519152,22.735564057850045,2.0979548635664034
2000-12-13,9.917707120018298,4.463506661389444,22.792710803582867,2.5677739373368196
2000-12-14,8.860945082996853,4.369439327947015,22.320827114912905,1.2668632314356654
2000-12-15,8.398532833327195,1.8737543379183408,22.310319344965855,1.7971865064066181
2000-12-16,8.775231924127207,0.5013026830715936,21.325697043436808,3.227086005955602
2000-12-17,7.711343171602277,0.2712194734031973,23.054576990707844,3.7591344649830605
2000-12-18,8.322686811496407,0.7649036901882088,22.68269928366449,2.9553409759157856
2000-12-19,7.423367368390114,0.2235460714760399,23.350321502087763,2.444180360907067
2000-12-20,6.635535095326612,-0.5525260154057025,20.87910354863356,2.7352826650396405
2000-12-21,6.878133550069077,-0.2629745676970657,20.270233024252576,2.358442789859475
2000-12-22,6.8559720337940675,-0.5812407023609001,20.903326857585817,2.5547534877610856
2000-12-23,8.52506834764609,0.48491714849680445,20.810355374460553,4.006969975146615
2000-12-24,8.238748790682525,2.57812552070256,21.800691520994533,1.7521129235601238
2000-12-25,9.931224120681845,3.058155513914991,20.868029078044636,1.0469582370053006
2000-12-26,10.861060174292335,1.1424838491965965,22.242043859090394,-0.8127430774420454
2000-12-27,10.883976009581602,1.2457406084800482,21.548138727300277,-1.3739024641184545
2000-12-28,10.268302050782623,1.5089285020284076,20.71034848996387,-2.270280437583051
2000-12-29,11.080453723271017,2.524326619855266,19.81510009614697,-1.2461565231436749
2000-12-30,10.851189365319911,3.3223896004831297,19.531365249942898,-1.053746512483859
2000-12-31,11.254640413945989,3.7881870318445157,18.607338925468376,0.27166771364981246
2001-01-01,11.24825955390325,3.813378402623087,19.959110498986636,-0.2980243009465967
2001-01-02,10.809837015947354,2.1561760468939433,20.279659715398164,-0.9954789385432977
2001-01-03,10.014226706278013,0.7847981957204497,19.714158787591895,0.47632291411167127
2001-01-04,9.520739212367136,-0.7164846110281764,19.06806454392584,-0.5230581773522031
2001-01-05,7.775168436900673,-1.1729346504271474,18.466355173829164,-0.6429980032442357
2001-01-06,7.256078499768226,-0.8972927022334556,18.384510074824128,0.381702356338534
2001-01-07,7.34242357692275,-1.512335534225513,19.147401157132265,0.6960318850198253
2001-01-08,7.819280635488228,-2.6010300489705065,18.42009811000152,0.2493791001071503
2001-01-09,8.207244042347208,-2.6659679970671313,18.637909639435165,1.5668378005343075
2001-01-10,8.740425120209403,-2.381333751182594,18.281664894721953,2.141039326172147
2001-01-11,10.042769028787088,-1.070785471971056,18.03385673751251,2.492174759219269
2001-01-12,9.309587790121125,-2.903291752487748,18.15237842047568,3.153100031400798
2001-01-13,9.768037166049316,-4.3177596787531165,18.45569936832624,3.5739885397129827
2001-01-14,9.747656023085769,-5.234172049686042,18.84783144697629,3.9490066415613816
2001-01-15,10.885049236863871,-4.885940042765361,17.90585478426035,2.785599349063949
2001-01-16,10.691057346946382,-4.891225698664938,18.672752397544382,4.359915894731634
2001-01-17,10.550719718420416,-6.226668886186523,19.159010758217377,3.537906650283036
2001-01-18,9.21290225582366,-7.011209042041137,19.28957785904325,3.8397867635132528
2001-01-19,9.051162202858942,-8.0295949771099,19.290159052051834,4.1079742875260585
2001-01-20,11.477892178734418,-8.803902348263112,17.61185152915732,3.415861733920942
2001-01-21,9.860269010056797,-7.632845611518762,16.439510281993208,4.010933356801787
2001-01-22,9.911541550072467,-5.5107179959045505,17.721078584324204,3.841981849908512
2001-01-23,9.95016441264321,-5.198370367695374,17.29089457263683,3.0584073033796804
2001-01-24,9.682880425515597,-5.427037432712542,15.734080029268968,1.6778149291412012
2001-01-25,9.653560033183721,-5.692446526793069,16.842270555778374,3.0584931009314333
2001-01-26,9.131481798633466,-5.899518375706719,18.35495819239843,2.093299957195847
2001-01-27,10.118855702622835,-3.5533756012902318,20.728078342274724,3.0526215352447705
2001-01-28,9.190704746211347,-3.5415056549741535,20.335324154471973,5.396229517477314
2001-01-29,8.765289071770274,-3.722678648424753,20.355808657725202,5.352345769469561
2001-01-30,9.221976365857277,-4.751725233604598,22.17801521216052,4.579898228435513
2001-01-31,9.753168057572388,-3.979597817635092,21.53579823031574,2.856490578953518
2001-02-01,10.2712453771934,-3.8627674943186703,21.318049944355895,5.759847126823152
2001-02-02,10.391324683300544,-4.827304416550088,20.392089946270385,5.248295943679095
2001-02-03,9.35468973508123,-5.279521089330323,20.806952851884365,6.195766932991321
2001-02-04,9.777444546076687,-7.096499070389312,21.157223400729137,6.425895489731373
2001-02-05,10.373689794058837,-6.79078857451941,20.83874507215582,5.899685364742123
2001-02-06,10.76910539241698,-6.50052732108545,19.557352257105887,4.290710400508992
2001-02-07,10.492243195272394,-8.996563144412146,17.84401744561636,3.891250234719191
2001-02-08,11.194809285937653,-9.599330104209603,16.601497289477862,4.062997230074144
2001-02-09,8.714785252954272,-9.708613477519592,18.18348077520145,4.177433515934
2001-02-10,8.178857947187364,-9.649228712327057,17.111329058714645,4.702250952461894
2001-02-11,7.785575774495072,-8.83167198653125,18.69892082538768,4.80892475165276
2001-02-12,7.983770917505089,-7.712794569650358,17.877115362821655,5.153493423813845
2001-02-13,8.268001364992026,-7.358889694093392,18.757568193609885,4.834073886804612
2001-02-14,9.442709321302662,-6.747544215472399,20.0510779276737,3.7282324509668343
2001-02-15,9.118595505740913,-8.092306143252245,21.14499233147883,3.0330324187044764
2001-02-16,9.54531448682598,-10.580988064592132,20.86255657484414,2.05739583928131
2001-02-17,7.209031134248821,-11.866172680517385,20.052908547006783,3.235103464330191
2001-02-18,5.735288098527869,-12.601167000870392,20.590606323499884,3.337688180295802
2001-02-19,6.962436111704211,-12.808596292287126,21.44504962196625,4.579473027716936
2001-02-20,5.916818874041063,-13.050044792245622,23.27545190079014,3.702651789881748
2001-02-21,5.774025125307768,-13.192250171328087,21.985564258014005,3.3036417472686277
2001-02-22,6.518275719997979,-12.09158532254033,22.096164496028983,3.5731402051376717
2001-02-23,6.656965951360851,-14.566455679349133,21.44534999702832,4.120745392126533
2001-02-24,7.137055691616005,-14.286476131671115,20.473694879044434,2.3023857698319867
2001-02-25,9.252422964694357,-13.927839806110656,22.809599286855388,2.2514561267652033
2001-02-26,8.024955309687119,-14.961609837387753,23.073779004801686,3.7089126978972606
2001-02-27,7.853615921846141,-14.276168651904111,24.375878814570495,3.7384943143778786
2001-02-28,7.665670352577951,-14.284311639538506,25.505150901833126,5.089538830085353
2001-03-01,6.934505472224015,-13.484271474346365,25.607801163387276,5.558344092051876
2001-03-02,5.857926492320757,-14.319298226527096,26.598225289723043,5.4111310816495655
2001-03-03,6.068894064333562,-14.041509477256268,27.502621137904974,5.569982952645722
2001-03-04,6.424725008405608,-13.58059816972498,28.480370870998208,6.05341647581668
2001-03-05,4.6933461475494775,-12.488236358614284,27.031993650876124,4.626150520901276
2001-03-06,2.9722507673913396,-12.076008349526914,26.34495692563575,5.4155910295334895
2001-03-07,3.93222701893678,-10.051278889228914,24.12078318071917,4.737275559953189
2001-03-08,4.448533570993897,-9.08560541709264,24.857877063101643,5.241938811856192
2001-03-09,4.608816843419367,-9.180293635852767,26.284099615028882,5.717023460099755
2001-03-10,3.279976133188338,-9.718548816197021,26.05881884816884,5.83580475141909
2001-03-11,4.154664830480087,-9.700483948519466,26.12573126783024,6.071299590687911
2001-03-12,5.428890709670126,-10.31394271839876,25.66139242310575,6.924167908586498
2001-03-13,5.63065507660473,-11.869713091709903,26.61866935764463,6.024166472384163
2001-03-14,3.419762744521255,-10.740159367725823,27.592716262173628,4.625501952693874
2001-03-15,4.086991539456448,-11.512860863375945,26.027413601771443,5.12205440781264
2001-03-16,5.419925934859981,-9.77130227541644,24.141545474022603,3.0359745657676687
2001-03-17,5.175912539573013,-10.690626089363743,23.56347708763353,1.2556592408833547
2001-03-18,4.20088393915712,-11.280033759336382,23.07504361314945,1.0035385050775962
2001-03-19,2.828302965072252,-11.173170953963258,21.571367233132705,0.8053940316707013
2001-03-20,3.945099648956943,-11.441360229148444,20.211690213753073,0.303535090204456
2001-03-21,3.429671879633897,-10.877280848196147,21.47714880559787,1.2505400308363415
2001-03-22,3.296485375098026,-12.374967099580868,20.88330462134141,0.9456799955092894
2001-03-23,2.6551583234699807,-11.836821184460652,19.39734192448539,0.7322417840869401
2001-03-24,1.432949162605386,-11.945756565567192,18.281390089069937,-0.07766819114169365
2001-03-25,1.9490351750859118,-12.516122193921081,19.427889928976807,1.6718346162970985
2001-03-26,1.1719316407116174,-12.39920784458003,18.40111605130643,1.9428541609374261
2001-03-27,3.145715262451005,-11.909877761640534,18.809147520593115,2.557523008261611
2001-03-28,2.405698870210026,-13.718107129686334,18.23017964666483,2.227409874342198
2001-03-29,4.556431457194732,-14.11807339321508,17.040824587582474,1.6411162525791516
2001-03-30,4.728170313063941,-13.399060852686972,16.78733744934734,2.511363748508703
2001-03-31,4.825875078259541,-11.28624620301315,17.438640980161615,4.229945517409899
2001-04-01,4.301221598565176,-11.348811311000874,18.876229446527407,4.72650273423453
2001-04-02,4.970314434614022,-11.989055735741587,19.93153348322659,4.9010863864139536
2001-04-03,4.878279331210678,-11.84733818146167,21.069168447883204,5.677411749139054
2001-04-04,3.8943948887748996,-10.90498353562604,21.162181060920236,6.372464090982752
2001-04-05,5.432999442901782,-10.398037236855515,21.037939896287515,5.769979110062437
2001-04-06,8.485418151489952,-11.813967034406362,21.50594786084842,6.559615723749699
2001-04-07,9.175741559292321,-11.708730455361357,21.15054283865788,6.529396800619943
2001-04-08,7.264735069558741,-11.66984992903418,20.119221330731712,6.667093427926105
2001-04-09,8.104655388166252,-11.156243147615868,19.23219418300455,5.822410771180082
2001-04-10,8.861166161429747,-11.919722307638079,19.46948685301438,6.7543426912011535
2001-04-11,7.864755682308895,-10.808723369834022,20.890360660317224,6.328996746709717
2001-04-12,6.921762937752513,-10.28428359877513,21.74092941532839,7.366859286880104
2001-04-13,6.832385213936664,-10.049723223041566,21.556588567300953,9.314309909055359
2001-04-14,7.673860197557197,-10.418102553818425,21.361858072331472,9.114076869783103
2001-04-15,8.360484340454253,-8.784641315860503,19.271255377069995,8.968172689083506
2001-04-16,7.6736767121083425,-7.656870418019174,17.83986859922684,7.918678407096998
2001-04-17,9.252602166155214,-7.124493739822453,17.42199265664778,8.509510369606245
2001-04-18,11.388709444637897,-4.89085096929319,17.01478387962461,8.648584675180826
2001-04-19,12.26347938423158,-3.284774976307352,16.7658113348289,9.61861604561325
2001-04-20,13.918340155194908,-3.4723581084786455,16.053969209501524,8.86115809679
2001-04-21,13.697818563763176,-2.2723213424287074,16.70224292506452,9.271439579808911
2001-04-22,13.234333137529255,-3.047526126557826,15.875155959480644,8.455375609778125
2001-04-23,13.886514224470915,-2.978880841983956,15.271602616283538,8.020750707050095
2001-04-24,11.762561100345085,-3.6982058085217258,15.288239960897954,9.851889416991494
2001-04-25,13.209204535293303,-4.952036254167143,14.307525060583487,11.375886831308588
2001-04-26,11.911602045970374,-6.88111996766602,13.285671961522937,12.151759893827947
2001-04-27,13.066158159528474,-6.118277030192304,14.339789890573828,10.568278485235973
2001-04-28,13.418293016649175,-5.329704450518805,13.433891955736899,10.19732760290486
2001-04-29,13.063396868146663,-5.444977935400754,13.389000852853751,9.37971403199944
2001-04-30,13.014859280880488,-3.987899510785207,13.883194624154013,9.47302862286509
2001-05-01,15.587896001280471,-4.204692823973574,14.012392282341287,9.54509435677685
2001-05-02,14.418080469503622,-6.42870436268006,14.934518281026083,9.560319304516225
2001-05-03,16.463796701958444,-5.965554176482087,16.00236336835023,8.974207872479209
2001-05-04,16.658637240905836,-5.129353238997268,15.333953796163465,9.281282586284455
2001-05-05,16.308491266547776,-4.897910572288397,16.690583765392038,7.852169717978823
2001-05-06,17.751739549559886,-3.109447474509798,16.370051560422425,8.030878296726929
2001-05-07,15.519431832864104,-3.4559836348341793,15.447277435013264,8.618102379346036
2001-05-08,14.954106494193939,-2.055274361183627,15.36123643417578,7.908812893233069
2001-05-09,14.553222081687196,-2.540059269366926,13.479023121483955,10.494099985693357
2001-05-10,12.37706831927454,-2.581356943802433,13.878353721330534,9.737125998371209
2001-05-11,12.889853789653825,-2.9905323749889448,12.677419020583331,8.774714990260012
2001-05-12,13.501279450096918,-2.9012085673913632,13.275071048300987,7.497797852758655
2001-05-13,12.943690576789587,-5.062005534192171,14.046008537750778,6.435607491333537
2001-05-14,13.181035775000362,-5.294884507888332,14.010036939203607,6.9903531740951514
2001-05-15,12.0822749071322,-5.695976071504795,14.606585173074958,8.690826432476326
2001-05-16,11.976812431182381,-6.048684325945011,14.973029911877774,6.992150136568174
2001-05-17,11.197599565286623,-7.943006670746392,15.638143974792413,6.376957694711935
2001-05-18,11.807485293872276,-8.941064494616489,14.603407498943183,4.951327702977016
2001-05-19,11.890670916223682,-7.030754168313682,12.93106380717479,4.861910680650644
2001-05-20,10.647273551814735,-7.430780760625805,12.338991498643102,4.12007140782711
2001-05-21,9.657605130127125,-9.548317528102595,11.762706234469118,3.874776862151193
2001-05-22,8.085419378858424,-11.35830457631996,12.10782775275765,6.016254540836407
2001-05-23,7.544456605693956,-9.75673401485224,11.053342649667046,4.835855746846475
2001-05-24,7.29163039951756,-9.170855490263069,10.601857546153889,4.731427388348771
2001-05-25,6.901334760288442,-9.390841333914556,10.834723023388118,2.6648407587239444
2001-05-26,6.009068692373663,-10.70353463891328,9.262371928801233,2.284205402413537
2001-05-27,6.292533457758003,-9.271299661759004,10.658869696717336,1.530401476321599
2001-05-28,6.954584204940637,-9.6489863988392,13.066632381750322,0.8455254755351262
2001-05-29,8.323997740224813,-10.493382710930312,12.360806438335024,0.8019415539910263
2001-05-30,9.143030399282875,-11.147773860656075,14.481106900465514,1.1416538914438452
2001-05-31,9.363938759083384,-11.981121910210174,13.390845953984115,0.21921570462656614
2001-06-01,9.67247332283033,-11.37765805730086,12.551155436873263,1.2879581828275903
2001-06-02,12.556430078640481,-11.873134911738402,12.013620955640926,1.621390781441642
2001-06-03,13.292304302796346,-12.145297327259769,11.624843008909687,-0.22657325278088924
2001-06-04,13.905345038762135,-9.69156381052401,12.374945134001024,-1.6184143387810606
2001-06-05,13.810819810372644,-10.517125082675213,11.170683859145356,-2.6991632546898607
2001-06-06,13.986919840150248,-12.367404604433856,11.179277407691501,-2.8529158025579453
2001-06-07,14.261587303195965,-12.56163525159096,12.579949516891414,-3.285622412188366
2001-06-08,15.720438550168202,-10.709119416661528,12.437122324673973,-2.150267197626312
2001-06-09,14.116007655053021,-10.50576683172513,11.485917842534356,-1.7484209984990162
2001-06-10,13.688266627937479,-10.006236113235216,11.010451319430445,-1.692402476923537
2001-06-11,13.739876661167528,-8.943213760789739,8.683861747157586,-2.7737214915815254
2001-06-12,13.309115199281525,-9.925651648567028,9.043865132355284,-4.518819367085616
2001-06-13,13.378666783346633,-9.040950580356887,8.596591383396728,-4.8316796896369745
2001-06-14,14.095244753062545,-10.111639500230027,9.074874537701948,-5.07423649926716
2001-06-15,14.289042931658507,-9.328473307053745,9.451210828011988,-6.6481397331703915
2001-06-16,12.804277086533077,-9.389782099897188,9.952315956884572,-7.107182913274706
2001-06-17,12.65287449056361,-7.827887090737676,10.045132834340768,-7.469562154402064
2001-06-18,12.30461224233117,-7.194058890439764,8.964362270935936,-7.1849188867877265
2001-06-19,11.1092006227787,-6.5116849282311104,9.39528020417613,-7.332587342172333
2001-06-20,10.335868521737295,-5.990943659383761,7.364950153647587,-7.0555287737708134
2001-06-21,9.174162467783681,-6.455697437725039,6.649166551248148,-6.752267871775534
2001-06-22,9.406992629699548,-6.2940014260651935,6.732701898696817,-7.0953821059498825
2001-06-23,11.676450128172146,-5.16705005002831,7.7312540574539765,-5.548322722377122
2001-06-24,11.980907962938605,-3.266650671563993,8.209058762237435,-5.852438812733716
2001-06-25,12.392308084191917,-1.748240277333331,8.110606540869304,-4.799975951932478
2001-06-26,13.65969224782358,-3.3642220851431786,9.514311706447364,-3.7735528680806922
2001-06-27,13.135166750160698,-2.766007981209494,8.985884967885122,-4.356431037449123
2001-06-28,13.679302225418015,-2.998996286437552,9.03605759166062,-2.488179364180755
2001-06-29,14.186258140147569,-3.856889363017579,7.780368137610724,-1.8276224865433153
2001-06-30,13.891399820062613,-5.409923844179624,9.109872439535287,-1.724048924788646
2001-07-01,15.187536906976383,-5.478858063359339,8.575270149343202,-2.054611210156431
2001-07-02,16.4662241024562,-5.284306912270227,8.253951090807147,0.13836808123431332
2001-07-03,17.420885618427672,-5.1707196372408575,8.700211488844866,-0.2197254707121163
2001-07-04,15.177263714047182,-6.9636075152141705,8.094335052145247,-0.2890421354952684
2001-07-05,16.8134734684487,-6.15282189815935,8.308818320111595,-0.6230636608476221
2001-07-06,16.513012731630567,-6.203758933051265,8.673205401165804,0.6032105402498498
2001-07-07,15.014300689694966,-5.909112212059142,9.163821736308376,2.774434452725596
2001-07-08,16.12918727362805,-6.319583996132665,8.344003699535186,4.867680519459537
2001-07-09,14.64081475042788,-5.704868290018535,8.464525969217489,4.184604970593197
2001-07-10,13.695130826328642,-6.973657954015536,7.679505844485483,6.445796481014792
2001-07-11,13.898702176782464,-6.3020995882061985,8.183805622879781,6.502365304768898
2001-07-12,14.559847198850278,-6.219328683389761,7.628471464683682,6.044241240516602
2001-07-13,13.447802311575902,-5.83531320335533,6.555500382189352,5.486102284983472
2001-07-14,12.872400799369618,-5.812152419233636,7.435275614124366,5.138479310421095
2001-07-15,12.522312928636055,-5.5687524609363885,7.855036371882399,6.362398947380736
2001-07-16,12.982896651191034,-7.234314941405939,8.344881513241598,5.653687443364936
2001-07-17,12.093234807448674,-8.050708469112125,8.339645867944572,2.9081984759030366
2001-07-18,12.693559252544844,-7.663985586798717,8.439625797632802,3.2654737477078712
2001-07-19,13.039685217245736,-9.222500906499784,8.641684062143849,3.80842669462248
2001-07-20,12.211281041332017,-9.01208820155559,8.150993330301938,4.268433601124482
2001-07-21,12.404575080854025,-9.176830226025736,9.742713322528417,5.54965605508573
2001-07-22,12.860141455918281,-9.553645853063585,11.139710343440207,7.503146471728432
2001-07-23,12.893147456957536,-9.141358023095915,11.330522371657034,6.718619383406188
2001-07-24,13.89706648599993,-9.74942742427325,12.97123464105427,7.276646642092906
2001-07-25,14.27236177671414,-8.317780738050335,12.118029744456532,7.475038015378738
2001-07-26,12.74811005136678,-7.518952316600663,11.932600943394876,7.7933726310413265
2001-07-27,12.697203644802046,-7.268103429398916,12.600068824113832,8.14116663320149
2001-07-28,12.593756759720506,-9.515548280806046,11.401169149148636,6.93717339174051
2001-07-29,12.23931528311974,-9.00848409059325,11.316751676212949,7.115941967384803
2001-07-30,11.732453225874664,-8.582715377981131,11.760724287924074,5.716343866269446
2001-07-31,12.41556894236734,-10.013397717751285,11.377211412440932,5.743510182296242
2001-08-01,12.902276967493655,-9.29817531676663,12.076463300559702,6.21296732546481
2001-08-02,14.074858303973633,-8.668299863348384,12.253157190618364,5.942241660754297
2001-08-03,16.04378605412718,-10.640891757929408,12.115381081686161,5.806615283544597
2001-08-04,14.82703429117553,-8.824384407248663,11.930340135741382,6.59099881340461
2001-08-05,14.031150002772218,-8.582828453427133,13.916391960167953,8.209971035617102
2001-08-06,15.481230870349751,-9.036802891674805,16.749032527235528,8.894465060714818
2001-08-07,15.01795889763247,-8.295839656409436,15.6407891279467,8.631030607129048
2001-08-08,14.604245990985895,-9.199400640454797,16.148163004448126,7.815386285351439
2001-08-09,14.33996346238486,-9.460978602914892,16.96573997588731,8.626079793966507
2001-08-10,14.567728410764646,-10.378548775407827,16.647084823661086,8.92932260553538
2001-08-11,14.147361794158627,-9.346041723210444,14.377827565206125,7.604945189014607
2001-08-12,16.457654687488063,-10.380214986566553,13.231639671455968,5.348605238775415
2001-08-13,16.251180882755243,-10.454194070865826,13.90176990289363,3.503750576747866
2001-08-14,15.776172489367168,-7.9698490597775,14.812816912604687,3.993174663125701
2001-08-15,14.934726835141905,-8.377573663655092,16.567492165156715,2.74218634334336
2001-08-16,14.284147018947953,-7.613192089934898,15.958415109100446,2.9222094638302973
2001-08-17,13.800430620371786,-6.59780634534032,13.793867898484411,1.4020563686487633
2001-08-18,13.721399498762189,-6.268356637327006,13.779450994653327,1.5349276422035336
2001-08-19,14.38067047438479,-6.233845538868749,12.772144485312,0.25963624967809595
2001-08-20,14.268563011104408,-7.849376389725516,12.14274972684582,-0.3458811974611573
2001-08-21,14.04015728070002,-8.460175153667718,11.335254031365386,-1.1662236775130987
2001-08-22,14.440059388425604,-9.089639355607813,11.114332835270616,-1.51457910686218
2001-08-23,14.608189717956128,-7.733644030602036,11.543729460661112,-1.4551389926837333
2001-08-24,14.690258731203102,-8.097543314449492,12.038245536769496,-2.0550411654334937
2001-08-25,14.818780742067718,-9.150533257606874,11.346765331544534,-2.2764599144983007
2001-08-26,14.015541326026206,-8.84602124859189,12.124538202530557,-1.9614108726019415
2001-08-27,13.828953726542622,-8.868014971710805,12.378681908783882,-2.7851365230417815
2001-08-28,14.670754982189765,-8.336119668672435,11.620632543939365,-3.6638535452762637
2001-08-29,15.69201918568007,-9.057472885510503,12.119369701210225,-4.034910467920146
2001-08-30,15.787677581756197,-10.101024761164798,11.924178440742576,-4.124825717658931
2001-08-31,15.287269166791956,-9.641022078180722,10.402048160522629,-4.835513712077618
2001-09-01,14.615566159107559,-8.532890205075462,10.469459271695305,-4.673815912911182
2001-09-02,14.390171738315026,-9.216142393176142,12.728541904689896,-3.098126222778773
2001-09-03,14.451586866056305,-9.172637214001998,11.985017149077917,-0.6142310496330707
2001-09-04,15.946731969282343,-7.598756486269235,11.763355684025665,-0.1474143897000118
2001-09-05,13.742906511455226,-6.807200979398875,11.074876420898851,0.826314068241387
2001-09-06,14.239492898891628,-5.627704944394238,10.711987197592768,-0.42113549461462774
2001-09-07,13.417407343984243,-5.9862981227152865,12.149297673722522,-0.022937800734921965
2001-09-08,12.319297568752672,-5.48697993201013,12.220753483525787,1.037155102766913
2001-09-09,11.234842055312589,-4.849883373343107,14.941335203321675,0.06582642990054566
2001-09-10,9.79061467875267,-4.932139783385434,13.803791327369142,1.4970486421083793
2001-09-11,10.180123342749578,-6.440431820873868,13.672826227399051,1.1258936434239595
2001-09-12,9.574714365006267,-6.299410880842609,15.171351391859735,2.401878573565203
2001-09-13,9.09194634890465,-6.13487042246407,14.441357954709588,-0.032253833869139825
2001-09-14,9.113431633379056,-7.350298729737466,14.856390972452902,-0.5249174380520973
2001-09-15,8.865876350607547,-8.03809770602661,15.127740122793096,-0.5471274075565755
2001-09-16,7.496529883625702,-8.973172855441005,14.294246114627029,-0.2373181685581075
2001-09-17,6.569128274104848,-9.108276074830398,13.537482505385404,1.1224191836091961
2001-09-18,5.331867640163979,-8.57028354671154,14.547485278245736,0.1959987515981666
2001-09-19,5.08417486994845,-6.910550677658143,13.788809857275535,-0.3510492407006829
2001-09-20,5.732503029574644,-5.315445677915849,15.200834318210326,-2.351589094962603
2001-09-21,4.451471685765511,-4.336092891920367,15.79675866240569,-2.7866872724256946
2001-09-22,4.718686301740957,-4.470423871835927,16.17137551929541,-0.0327347360342487
2001-09-23,7.55621965739854,-3.9694526876885474,16.406720705715024,1.1067231958507735
2001-09-24,7.75121935788604,-4.251495116259437,17.454699509343346,1.7011522183504897
2001-09-25,8.401947353563285,-4.309708193237977,18.408987259569816,1.5981611739813213
2001-09-26,9.7587920932023,-2.7351312868437248,21.515667321402525,1.2730244388815883
2001-09-27,10.704000145468854,-3.1937280443987195,20.776722845742633,0.022090839565037657
2001-09-28,11.598144885567457,-3.649576496471749,20.57810103503345,-1.02533277502664
2001-09-29,11.80766238813229,-4.2029007691614035,21.469346966038,-1.807468194099473
2001-09-30,12.001476629567524,-5.22726861343274,21.23204493779662,-1.6537984112926747
2001-10-01,12.943728662249969,-6.31380021616923,21.206604533050726,-2.9103849733617704
2001-10-02,12.19559422350876,-8.410693867740026,21.771884919431262,-4.34923136565155
2001-10-03,12.031553468151811,-9.4642070415794,21.94633993129574,-3.5098978618646544
2001-10-04,12.429437259495186,-9.987584155983068,22.99865864859106,-4.900961353272766
2001-10-05,12.734974093722355,-10.050538779277446,20.86051952585477,-5.487177056220818
2001-10-06,14.063012234612113,-8.649841340624342,19.558103741576065,-6.266402085649381
2001-10-07,15.017721001051259,-8.42880028769961,20.070265370063495,-6.3266257571904045
2001-10-08,15.65715605372259,-9.703410541152078,20.54649260165785,-4.782347142206815
2001-10-09,17.197264060221755,-10.064383556517173,19.708109972221273,-5.854975231809855
2001-10-10,16.480606105850796,-8.68483360797758,19.441498870950724,-5.557037830750497
2001-10-11,15.199305540519754,-8.516384098586885,18.759971797970422,-5.362394395908132
2001-10-12,15.822283719280154,-8.61850239531149,18.78811605400115,-6.484615417462565
2001-10-13,15.542645400459312,-7.280640011745173,19.120813247820003,-6.062224239783471
2001-10-14,15.428402304362569,-7.363336736073308,19.573828748771685,-4.483635495247163
2001-10-15,15.882574518685058,-8.144186314764328,20.108603804693402,-3.764852566330988
2001-10-16,16.54259687060128,-7.346697556490531,18.98601699359044,-2.7574169054960658
2001-10-17,17.532014966282464,-5.367116361349562,18.928735139073307,-3.867386705504408
2001-10-18,17.67306882375474,-4.110017510276336,18.06010029188337,-4.80335411110008
2001-10-19,17.688367982217205,-3.6733500192398973,17.521972587837624,-5.6491439152020195
2001-10-20,17.45593552416322,-5.740947545838958,17.413226758330488,-4.958175450809545
2001-10-21,16.675739054661477,-7.659922236830188,17.853638203058644,-7.008649556369749
2001-10-22,17.051957003731196,-7.514524285081187,17.998592421445814,-6.9796029604101255
2001-10-23,18.2274393810714,-7.7542107736152115,18.60669365239032,-7.959887560365546
2001-10-24,19.211938581773126,-7.963059181443065,17.054641291103906,-8.093738468663863
2001-10-25,18.77537386515009,-6.97734590900951,16.215231555806294,-6.282933428723721
2001-10-26,18.970361663773524,-7.141931059447907,16.891324402348413,-6.74993128397301
2001-10-27,20.362957505244616,-7.1340713697657065,18.288261143268844,-5.628973089499181
2001-10-28,21.989546395049388,-7.353074558062005,18.41748543080787,-4.395129634074055
2001-10-29,23.864173719557247,-8.382623940836158,18.982109134506942,-5.685329290797912
2001-10-30,24.78050735668262,-7.59494525138468,18.321318388075692,-7.065685853053949
2001-10-31,24.84186838038902,-6.840647741091894,17.098087463451606,-5.815704799209906
2001-11-01,24.81324253273133,-6.187288985469549,16.929836228610622,-5.546716263146737
2001-11-02,23.4850994258142,-4.751205965945157,16.56470914889203,-5.555593560970654
2001-11-03,24.376981627937376,-5.059358886344975,16.70519144480683,-4.21970618294659
2001-11-04,24.193074943951938,-6.684725264233417,15.041540616741592,-4.13131790972349
2001-11-05,24.44247649143211,-6.937757760150585,14.4575457362842,-4.946613477517729
2001-11-06,25.859244214593517,-7.097404687287284,14.242332583458534,-5.9077934839898205
2001-11-07,25.4086415769591,-6.751647141640877,14.030579870200855,-5.232355131639187
2001-11-08,24.702236326328737,-6.954232369270052,15.48124073312132,-4.645783954536348
2001-11-09,23.87850208917317,-6.720580064098758,15.296963902167825,-4.750934367800102
2001-11-10,23.84841225308392,-8.06384464065228,16.509360817820898,-5.423439555939697
2001-11-11,23.42972287062393,-7.628117605929436,16.091204101124177,-5.68372185511536
2001-11-12,24.424759450962302,-8.127075465972485,17.252803116278987,-6.280047842769267
2001-11-13,23.11078518867143,-8.850996323433867,18.886235964021534,-7.448212505840087
2001-11-14,22.701558506182668,-8.878613881831754,19.111957507323886,-7.713657104623965
2001-11-15,21.297886490517083,-8.288866800124245,18.867119213265255,-6.228775723429601
2001-11-16,19.599926452146956,-8.192621332363137,19.221398348751336,-6.577757032692431
2001-11-17,19.77228242968739,-9.325016281520417,18.416369773473257,-6.278598133876093
2001-11-18,18.01297688710217,-9.310082860018674,17.199311488521317,-4.55651079917327
2001-11-19,17.282425961166254,-9.138777094525283,19.156406975138683,-4.936473663996439
2001-11-20,16.241853270594266,-10.174082332285009,19.715328992997055,-5.0032338873272675
2001-11-21,14.748863917135068,-10.630160866543275,19.96927065081249,-4.954476200430038
2001-11-22,15.128223789077078,-10.36324544101981,20.180780820550165,-3.6979760403821094
2001-11-23,14.626373146948055,-10.181741150346351,20.930978891930568,-4.17402358040495
2001-11-24,14.963694867502104,-9.10418072717024,20.880357633557697,-4.009308683262234
2001-11-25,14.160278837869635,-8.786671859198192,21.704259363044873,-4.4716424562847665
2001-11-26,13.219951227942445,-8.799673406845292,22.012497506009694,-6.09711436126684
2001-11-27,13.145817427603246,-9.161048638734393,23.38616877466344,-5.972698841141313
2001-11-28,13.666844578709139,-9.771790434271628,24.866568648581975,-5.071282901512366
2001-11-29,14.354621794461222,-9.743738829324183,24.19122117994002,-5.459851341574274
2001-11-30,15.32341857936763,-11.897056511778011,24.812490849444995,-2.923158772054601
2001-12-01,14.196773083148567,-11.757776814354282,23.800094006802354,-2.847471566826589
2001-12-02,14.363958291221333,-12.860006008872523,22.90753614149457,-1.3125379924939258
2001-12-03,15.300353024322535,-12.05444228979637,24.869762460260237,-1.463438277205868
2001-12-04,15.640434037088474,-13.041677787662644,25.15233718878752,-1.9056467710384475
2001-12-05,14.703453359482438,-13.130596837511018,25.262341997360636,-3.9250752336775774
2001-12-06,14.310922719418413,-13.22112511923581,27.17918417400487,-3.538532447177784
2001-12-07,14.507358265197272,-13.288036495771454,26.3733567910734,-4.453796899604529
2001-12-08,13.3698912027905,-14.762973593871497,26.316038140530942,-2.8047651756675682
2001-12-09,12.610967987893037,-16.072489073631463,23.3552746974249,-3.0778311603037567
2001-12-10,12.983045849056017,-15.34979095677975,22.355832130205684,-2.8150382994108454
2001-12-11,14.105434472191705,-15.257874457074697,21.778161896434984,-2.5326082143180333
2001-12-12,15.115944609773653,-15.232544566194772,21.465343716072407,-1.7604444604687215
2001-12-13,15.97775514607301,-15.837474999079049,22.312205096929247,-3.3951056588303627
2001-12-14,15.254375148005536,-16.95079079905837,21.19894078024811,-3.6156484226229724
2001-12-15,15.127959265210471,-17.148783729181662,20.473081291368178,-4.269226678277134
2001-12-16,16.49242598891353,-17.493809471773535,19.07005146826001,-3.474758325174148
2001-12-17,16.99616705991928,-16.134496422737225,20.036064716967594,-3.1174283124078097
2001-12-18,17.943334360142785,-16.784252013331855,19.315525524584913,-3.5006878421082783
2001-12-19,17.19664909278335,-17.07554643195317,20.32944672108553,-4.474523143444568
2001-12-20,16.973092539365243,-16.93672881504354,19.124196271936448,-4.038857479250754
2001-12-21,15.72745477353133,-17.038786337537406,20.945523073036533,-4.0323195459760575
2001-12-22,15.267295203858293,-17.985371025917885,20.084032218108405,-3.184190875567172
2001-12-23,14.763059361670344,-18.59868858868884,19.106347195425986,-1.9904319485926487
2001-12-24,14.679554903059381,-18.2769037078381,19.672852446815064,-2.6666307894524515
2001-12-25,15.563552177232513,-19.2621169329063,20.554788056290075,-4.455242190652776
2001-12-26,16.284996029266228,-18.983270780691626,20.263573343419477,-3.9959738166902956
2001-12-27,15.991613813280493,-19.022533268831918,19.11995138409696,-3.8518211707375145
2001-12-28,16.926929505525,-17.34524823194097,17.241101012226345,-2.569905814778958
2001-12-29,18.836140203018843,-16.86365145701414,17.65203513178413,-3.049704187722163
2001-12-30,16.114330661493327,-18.76841054584501,16.20724465283097,-2.2295747694038357
2001-12-31,15.75312923619525,-19.932161467236494,14.7732314543243,-2.907186211771389
2002-01-01,15.118060177069266,-19.166239498842558,15.607476868811528,-1.798624384646605
2002-01-02,14.939997304110904,-20.364236369473808,15.982461196652586,-2.6809848047093086
2002-01-03,14.78004442027044,-21.145491296165215,16.59386973475236,-1.2639720751187877
2002-01-04,14.35935725898582,-21.974405312078332,15.84747935300997,-1.5080622928778418
2002-01-05,14.94107400735109,-22.539631663196975,16.446717815377813,-1.8217975885976578
2002-01-06,14.744223028513654,-22.467270062650673,15.75228099039623,-2.877366967833024
2002-01-07,14.99672335256313,-20.893991368373324,14.373816276704266,-3.5711930385939152
2002-01-08,14.690405804271107,-20.627829851723565,14.544604620547346,-3.5299151300001017
2002-01-09,13.816471262365933,-19.98228167471802,15.867778497701007,-3.8854451680965916
2002-01-10,13.238663444877892,-20.824909739164987,16.5267568645428,-4.603864826089211
2002-01-11,12.613924379894494,-21.93378804293919,16.118614652640158,-4.998539628804756
2002-01-12,11.192293095090438,-22.001941924113527,17.105911984641004,-6.159602774765716
2002-01-13,11.90034181970342,-21.302357013213314,17.473951616661044,-5.245629896599701
2002-01-14,13.621027513904975,-20.187225164546724,16.617851456718494,-5.284561065473284
2002-01-15,14.255348184428597,-19.27181171997314,16.254959988113363,-6.371805576767358
2002-01-16,14.78610064324713,-19.465319363451886,15.551360861955093,-5.876764686812109
2002-01-17,13.160190399857806,-18.464375643508337,15.594409320679862,-6.157463830848833
2002-01-18,12.770619234354982,-17.579822310888435,14.451803331130753,-5.636084075465912
2002-01-19,12.997321201075016,-15.718353752287719,13.393186145550171,-6.120417229556892
2002-01-20,14.162956596406705,-14.916807744635035,12.541995281368582,-5.5271892732309365
2002-01-21,15.140960307778087,-14.957911084866986,11.428362301934598,-6.314619650280314
2002-01-22,14.647572162461383,-16.04040017883348,10.410338084636372,-8.985694445625569
2002-01-23,14.055556148180148,-16.79448155519527,10.366020867427908,-7.361663691046438
2002-01-24,14.97282599991335,-17.83766929074805,9.599356715260484,-7.898192939567968
2002-01-25,12.996047505909607,-18.348979500238904,8.620422375308689,-7.5797605991782
2002-01-26,13.716589836896873,-19.444293569891553,8.320139498388485,-6.732626878763823
2002-01-27,13.9885754748413,-18.675208222097314,8.028605476979259,-6.8488506999876995
2002-01-28,13.695378818630116,-18.436536601180883,7.8876236228416285,-7.121024158955406
2002-01-29,12.88019361618451,-19.829371303468566,8.074718550646427,-6.7924610334262
2002-01-30,13.46995287139565,-19.31688650560242,8.364059886320463,-7.628215277786056
2002-01-31,13.707392482255132,-18.577257595389327,7.5704551459931535,-8.420890084146997
2002-02-01,12.826873209947042,-18.565912775742014,8.845190557684957,-7.676614137649709
2002-02-02,12.991766282890177,-17.202249574885865,7.640981928652449,-5.7379474681186995
2002-02-03,13.264875705884316,-16.51238473578327,8.102921712684031,-6.156523309022106
2002-02-04,15.163873270875836,-16.68294865074088,8.162795379176965,-6.309448774427472
2002-02-05,16.14787530753356,-16.602224825090676,8.731653471417063,-3.8311822563095648
2002-02-06,14.819786601396434,-16.507748689264634,9.053141888786694,-3.8546587631354376
2002-02-07,14.943126267280169,-16.25966657805448,9.989724009836134,-3.4574557270490844
2002-02-08,14.508291562077115,-16.062044902478345,10.596042746123818,-2.763415650875123
2002-02-09,14.150711055152993,-13.990604869638178,9.396456190836934,-2.2349547384408415
2002-02-10,15.822371978099623,-13.102030475833809,10.540878771534892,-3.107731666025243
2002-02-11,15.996758056042905,-13.515965689203602,10.522141067989127,-3.0591316891080496
2002-02-12,16.44032903245342,-14.15345885519424,12.168996280706445,-4.237577992897641
2002-02-13,16.8124628776005,-16.012124486552935,12.179426352593012,-5.011502869318449
2002-02-14,16.927447217564637,-16.49570105827534,11.01608744501928,-4.780461880938393
2002-02-15,16.108469209130323,-17.204515793917864,12.180184063144777,-4.10180188826977
2002-02-16,17.536973121487787,-18.534653401990433,11.213900649874956,-3.8883119471918337
2002-02-17,17.266694096041846,-21.293069372404304,12.036702403085654,-4.860081822614442
2002-02-18,16.105000639199446,-20.215692786239426,12.228007411785592,-5.434900491541884
2002-02-19,16.321875874829853,-20.110131828686,11.903535283204977,-8.360678343328674
2002-02-20,16.79156964646736,-21.433281228106097,12.97606088501645,-7.089384177991871
2002-02-21,16.821860645937917,-20.731835703568354,12.665068056709936,-4.267675528009769
2002-02-22,16.122947396609774,-21.530869409330492,11.848306874923539,-3.430916254657705
2002-02-23,16.088513042155505,-21.272355672663913,10.883859161247518,-2.4265930841169334
2002-02-24,16.308162927158982,-21.091829217401543,9.881219437951758,-3.723721989660354
2002-02-25,16.150481492876526,-19.852665877760163,10.323380296847295,-4.406595373544581
2002-02-26,16.223044671166797,-19.41389984377562,9.990411132502498,-3.063084188040217
2002-02-27,16.49559407613846,-19.781234734353177,10.621350593895945,-3.5071893995573387
2002-02-28,16.68025127394929,-18.803399745972794,11.661610990510688,-3.9330349252125365
2002-03-01,16.232126154876205,-21.56810524825502,10.910744528766475,-3.987436972316158
2002-03-02,18.230504594607417,-22.05909516716426,11.207689206577218,-4.979203909749418
2002-03-03,20.10191117753194,-22.44093919312707,11.401846181420431,-5.848679868812815
2002-03-04,21.673999111267953,-23.605170729851572,12.274380268831212,-6.038527344684329
2002-03-05,22.305566071478147,-23.320222997653236,11.191456541644643,-6.559199802264529
2002-03-06,21.826673694968665,-21.56044408117906,10.962167222661835,-5.49205237856814
2002-03-07,23.631995103836577,-22.92040068424753,9.240524008362655,-4.327813603842468
2002-03-08,22.63489981310165,-23.05127294121436,11.009407442180594,-5.674626469920915
2002-03-09,23.373416214796677,-23.9110752071976,12.298299285481296,-6.851701844779475
2002-03-10,23.036693369394495,-23.789183299158115,11.994170575551683,-7.611213669125567
2002-03-11,21.97766883568345,-22.19467892958135,10.778342747748994,-6.903403171225576
2002-03-12,22.972090874787444,-21.599634414384305,11.697378895706908,-7.092909841754643
2002-03-13,22.01740824453519,-22.120735400050886,13.29785407342799,-8.826055086687205
2002-03-14,19.905083481306704,-22.001233285533317,12.987268896842057,-8.2418949491313
2002-03-15,19.82918709024842,-22.053762392052608,11.43375114223796,-7.495359661406953
2002-03-16,18.834054710187974,-21.19465616269282,10.146933405586616,-6.4420233745924715
2002-03-17,20.499482879761743,-20.602397666297577,10.898674150152587,-6.190290126411594
2002-03-18,20.082364733192428,-19.156327796701746,12.797854167768095,-6.375372899842036
2002-03-19,19.30040652599812,-19.381796661915285,12.968109355855658,-5.987767677776131
2002-03-20,19.45814364496528,-19.414595034084957,13.070096851252831,-4.7623575774614695
2002-03-21,18.304261681541107,-19.034463525427515,12.66263276124475,-3.5849623230106227
2002-03-22,17.59726703855037,-18.11366257146047,11.780258934061143,-4.587607473714425
2002-03-23,18.32137485352282,-19.575289731825414,10.87600523982588,-5.467756325375355
2002-03-24,18.724285648854227,-20.41537754804354,10.812597937513738,-7.714527962159435
2002-03-25,19.29885871048887,-19.563071082583132,10.049750085629299,-9.640011101131037
2002-03-26,18.40260065218727,-21.20406362189938,11.196109688004723,-10.126436152145748
2002-03-27,18.17690186360925,-21.409143500272158,12.465028739510261,-10.67744419167823
2002-03-28,19.65582456969013,-20.828640874829915,12.343236676907962,-9.32493933481943
2002-03-29,20.055398440331693,-22.171710669959634,10.770925376923119,-8.774596111751919
2002-03-30,20.856613482631104,-23.136669939291078,10.195832669142767,-7.710644988904498
2002-03-31,21.60864469334083,-24.44388746015976,10.35397412884197,-7.6942367209089815
2002-04-01,22.798613080268783,-25.39795242706015,11.239087396934844,-7.498301689858253
2002-04-02,23.455495138053646,-25.175497067249132,11.960508098721792,-8.345721249337325
2002-04-03,23.460108997148875,-24.510010863701364,9.833167503641933,-8.717802089283396
2002-04-04,23.06123090791868,-26.09916988489338,9.669426914025278,-8.143837910994227
2002-04-05,24.054316445629794,-26.143939750427084,10.007460786404703,-8.245037932519908
2002-04-06,23.608600031691655,-26.111764019102957,9.130254992817957,-9.039369990845072
2002-04-07,24.38634703407069,-24.368452339796907,10.0619007699288,-9.424806468212708
2002-04-08,23.05643478067902,-25.03557534143469,10.927226032293378,-9.921763403040885
2002-04-09,22.297756042698367,-25.07423358127636,10.321979035505667,-10.185354049951352
2002-04-10,22.73330951799778,-25.196938285125245,12.092080056144376,-10.499135234115831
2002-04-11,22.39898245832779,-24.457006038787473,11.296133240622092,-9.809586694483473
2002-04-12,20.622817500963453,-23.90625969068107,12.493060250940605,-10.075820571455104
2002-04-13,21.938810851417255,-23.62104173986112,12.230226387053778,-10.500465070258318
2002-04-14,23.324752710763832,-23.951665615891205,11.751031785698958,-11.593274244310301
2002-04-15,23.60645394238171,-25.347325700402966,11.688307083961988,-12.16110219234745
2002-04-16,23.853303817984443,-24.27867130826104,9.718169156899632,-11.280450889867291
2002-04-17,24.12315086808872,-24.06228035520447,9.188557999625875,-11.628644701078933
2002-04-18,25.158396196642137,-22.952790784209014,7.819317374362768,-9.726650520847679
2002-04-19,24.989096462930448,-23.041583619660035,7.85973014925438,-9.740759010740978
2002-04-20,26.110526692709545,-23.261817700229894,7.742699855672339,-10.411509529260016
2002-04-21,26.043635664226606,-24.950333117951946,6.0675089063905885,-11.303815655895097
2002-04-22,25.34034981495998,-25.389673239010584,6.8071809738506746,-11.86136922090544
2002-04-23,26.095306860378816,-25.448103637803296,7.24478409855346,-13.8594629920775
2002-04-24,25.896286799107642,-25.735245951469555,7.761631682195531,-14.391850146488316
2002-04-25,25.479597800813185,-25.961700409689676,8.07677971901878,-15.295333863607379
2002-04-26,26.71506007387389,-25.334981820575702,7.086712647215153,-16.56349872908777
2002-04-27,26.39744659636256,-24.69522587005345,5.977215273337982,-15.690646532453654
2002-04-28,27.404505392081422,-24.180567221664663,5.174228046121537,-13.4838852759409
2002-04-29,26.315658442927774,-23.78476304810565,5.009526988916255,-12.797587767098415
2002-04-30,25.275641583494583,-23.490899587101843,4.53255685885253,-12.783617430162177
2002-05-01,25.00072347799314,-23.737271876047988,5.69720631850173,-11.579763043254388
2002-05-02,23.867559652093714,-22.45947960969006,8.201040080441285,-11.515879386212477
2002-05-03,22.814816085067292,-21.466341083934232,9.02866679988379,-11.309662076271666
2002-05-04,22.612080602513597,-21.86085562146189,9.76194493296048,-12.074602719841977
2002-05-05,22.896067576896048,-23.56327347055367,9.745177755376387,-11.869736214018126
2002-05-06,22.535166164525858,-23.842553849784828,10.114132996908763,-13.449513439050174
2002-05-07,22.921245883822916,-23.39781576067927,11.699736558330574,-13.02516849151387
2002-05-08,24.338092127023835,-24.618469047164062,11.399679083232357,-12.58632112716221
2002-05-09,23.309805987151137,-25.36307811645188,9.779571812917437,-13.67883891181362
2002-05-10,24.6113090052977,-25.23641912610882,8.775335229972853,-13.43534774577785
2002-05-11,24.322228349187863,-23.81586198831228,7.735097599762502,-14.712527831544199
2002-05-12,21.979106818629106,-23.723847543402293,9.020349901763275,-13.668732025578961
2002-05-13,22.51301624874343,-24.338183394157845,8.539409816387867,-14.143992710049563
2002-05-14,23.688842407091382,-25.803505801469683,9.43737463315988,-15.664756915021801
2002-05-15,25.22947108969242,-25.153066256179955,7.666819234959186,-15.6199176521676
2002-05-16,25.026578629253727,-24.105886700757715,8.523580068754036,-14.807116866033208
2002-05-17,24.505451364694796,-23.82257647062842,8.690615260966975,-14.887772476975666
2002-05-18,25.413249804970864,-23.793630951112547,9.648732036695593,-16.00155525673025
2002-05-19,25.397305778694733,-24.938779136131835,10.913623145384785,-14.992764618698775
2002-05-20,24.289697231156037,-26.440006248403215,8.956383409606401,-13.940639624891686
2002-05-21,24.69498381270479,-26.08751317188917,7.790996322312323,-12.878594232466659
2002-05-22,25.879761452480913,-25.085210901970385,8.984128347120176,-14.752011315956766
2002-05-23,26.73836744648229,-25.302175543928048,9.642465054436938,-14.778126607460022
2002-05-24,26.465718438430013,-25.89606630105214,9.192553630208183,-14.48965226255667
2002-05-25,26.220324757698073,-26.952902888231677,8.884074228950999,-15.701526345149963
2002-05-26,25.227826622111994,-25.574421229507347,8.484460277304766,-15.747196291400556
2002-05-27,26.05523561445411,-23.670995039343662,7.320020279227327,-15.721870832853096
2002-05-28,24.87129913752686,-22.48315236840722,7.1995286641950855,-15.65069465652726
2002-05-29,26.404998115518843,-22.042853180835447,8.04322936709347,-15.514851476119734
2002-05-30,25.07562489553304,-21.920600174760697,8.308172813841889,-14.012214679820064
2002-05-31,24.310323606396334,-21.168959177514928,9.442550619331238,-14.153134647835712
2002-06-01,23.263585063011146,-23.484928812271317,9.458007634111434,-14.43684890990013
2002-06-02,22.43946471471453,-22.760771098406746,9.81233418133914,-14.263995467318134
2002-06-03,22.221356098725686,-22.586320037716014,9.541548869566812,-15.26773417967692
2002-06-04,22.553306080924738,-21.21279585449744,9.498856703045355,-15.401723355481307
2002-06-05,22.55373222250978,-22.76208472052059,7.89608290479244,-14.259010451203828
2002-06-06,24.05210516089175,-21.82015505476028,7.542383898960489,-13.076009125592567
2002-06-07,23.873211832166497,-21.36897337784533,6.9420958781272155,-12.907278879366876
2002-06-08,23.904967427299333,-20.711785870202664,6.850126436237622,-13.126286826689022
2002-06-09,24.80222865698442,-21.176950510578454,6.853598755538701,-13.241495929297463
2002-06-10,24.800267546387094,-21.319357340431303,6.439897581755568,-13.500295208592009
2002-06-11,25.48763606126846,-21.447685709038446,6.785329966614386,-14.127226803965472
2002-06-12,25.628791797200638,-21.599726579994208,5.956740319904741,-13.421383250907255
2002-06-13,26.455108100717947,-20.591192143150174,6.131129869047549,-13.19667668907507
2002-06-14,27.06212002237958,-20.17277470987,5.594231565130797,-13.218544993659485
2002-06-15,28.062344455178017,-18.98829612286755,7.159583703698839,-11.289368549035432
2002-06-16,29.33568601638311,-19.22562629786412,6.887129938999696,-11.63199229898736
2002-06-17,28.5327235369541,-20.09074937333415,6.744988603136698,-10.63079685834282
2002-06-18,27.869852957781436,-20.247415069356276,5.708020496012285,-10.186852563105965
2002-06-19,28.229020459631588,-21.33201045016768,4.788268425243913,-10.720674908214257
2002-06-20,29.293443934606902,-19.70841202189183,5.55973711077316,-10.894747637161933
2002-06-21,30.265903742479956,-19.598238085349838,5.142244072686298,-10.868154487853905
2002-06-22,29.513996172647932,-18.69635325014764,5.203527016754419,-11.031978939568114
2002-06-23,28.691845825180295,-17.12406840833991,5.6177184655613654,-11.722564887190922
2002-06-24,27.49406573172427,-18.07147990425386,4.674554262293053,-10.638774075289609
2002-06-25,28.179859887275033,-18.641243312801528,4.150549067750359,-12.334294462220093
2002-06-26,30.54607189328084,-17.028950698935308,5.089270752279155,-12.361558690520074
2002-06-27,29.00164233187881,-16.981456533965382,5.679706181183253,-12.109689042274175
2002-06-28,28.425290694039496,-16.172707230980787,7.041113492451681,-12.14744520088755
2002-06-29,27.25740738674379,-16.64955619253003,6.812699999883938,-12.262782201741006
2002-06-30,27.45083754534041,-16.8952285941214,7.546642982749716,-10.504350315964246
2002-07-01,27.38086625703807,-17.427174233389913,6.250389610489988,-9.794846048803246
2002-07-02,28.066552752537774,-17.418364309787673,6.1012081568461145,-9.676018932654895
2002-07-03,28.05929711321452,-16.187545732459654,6.098028484773683,-10.610750487605065
2002-07-04,28.748379432120224,-18.50309666540727,8.117643793581603,-9.085492109114803
2002-07-05,28.366595138140017,-17.89841685019143,8.365454831108337,-10.344987526694657
2002-07-06,26.619322078290782,-17.287064950645902,9.192271577352603,-8.582591217308462
2002-07-07,28.027644612919154,-16.251159323090473,9.477809062357709,-10.510817968645213
2002-07-08,26.9646624825417,-16.448983439723275,9.883704759603766,-11.41430559315402
2002-07-09,28.922398269051612,-16.71093780854019,7.205553597161696,-11.177132085438739
2002-07-10,30.270203243297573,-17.164907804966848,6.623182968535162,-11.11433149206288
2002-07-11,31.741568096217442,-15.97353815727798,7.860575117786117,-11.264270172013232
2002-07-12,30.715411588896885,-15.048505055788805,8.485237885334552,-11.373554930556162
2002-07-13,29.895647425947192,-13.545689467298258,7.693394660153193,-10.899470101984681
2002-07-14,30.03940087858363,-14.260837661026587,5.301148143487364,-10.52106679297431
2002-07-15,28.516688293009654,-13.33535336652939,4.793481051961031,-10.893366191309076
2002-07-16,28.28333790236214,-11.525085285327677,3.8379526728144726,-10.554153171845966
2002-07-17,29.601104608510532,-11.59628206994782,2.9785608421487275,-9.474353023436375
2002-07-18,29.970358755071555,-13.245046820220573,2.837251680494878,-9.724167785785781
2002-07-19,29.938544547624584,-12.422389705272069,1.7002544182159003,-9.503159500972732
2002-07-20,30.770035867011355,-13.983037333278148,1.5967316684848094,-8.73558960766305
2002-07-21,31.667293133858642,-14.238605295178484,1.3649077346828968,-9.27411701844168
2002-07-22,31.39972687285802,-15.473521214395245,2.199286128768297,-9.871672097461698
2002-07-23,31.69917292595001,-15.296261662714494,2.1572192881639043,-9.486638590839368
2002-07-24,30.453209833578157,-14.64521274620898,2.775713399878752,-8.10846084544588
2002-07-25,31.406232930340764,-15.734353644713746,3.997869934928717,-8.876108654936525
2002-07-26,30.38077505664193,-15.83659396457119,3.9086230218384235,-11.111219744429969
2002-07-27,32.10702135067762,-14.605511318099618,4.642732042383829,-10.040998233993935
2002-07-28,33.17360167142485,-12.466100677566931,3.723924112648212,-8.859208693237958
2002-07-29,32.189654169914746,-14.88917841420707,5.281318685432663,-6.53736487368924
2002-07-30,31.05277848255106,-13.766448001057938,5.179226388297675,-6.665941127483169
2002-07-31,33.09783085890766,-12.052633601692774,5.352876910510988,-5.302375199049165
2002-08-01,32.6313926134137,-11.204126799326705,4.461934496846854,-4.848436832488822
2002-08-02,31.824874367999236,-12.402200197930137,3.5501297857842387,-5.936864353992391
2002-08-03,32.507500979207755,-11.282919997388012,3.6747597929977114,-7.309039193478673
2002-08-04,31.37958102131865,-11.680318798446024,3.787822414780235,-8.311530830116219
2002-08-05,31.986755131462303,-11.486332701286262,1.9583396140085179,-9.001209531106731
2002-08-06,33.3194866031753,-11.260112493829201,1.9267746707445774,-9.174193371197191
2002-08-07,32.76717739683204,-11.445931185622257,1.4078863992211113,-8.773349965315486
2002-08-08,34.589139380571076,-11.669810494953271,2.478561827789772,-6.347305923039963
2002-08-09,33.52865169300978,-11.013399440056341,2.7535713062392277,-5.978078804657625
2002-08-10,33.52844852555666,-12.102901147670833,4.63706188659001,-5.774482559677477
2002-08-11,32.61425281997064,-10.610345928884316,4.057691280213894,-4.038311165209261
2002-08-12,32.90922240180531,-10.435092966852453,3.7260167483890996,-5.992477739886304
2002-08-13,33.899175146611825,-9.340769273071993,5.976851285336725,-5.074060259644297
2002-08-14,33.05891419852504,-8.618936280454243,5.4058926956946385,-5.809693403035883
2002-08-15,32.14921533351323,-8.803619467940129,4.111564311987652,-5.789860195700029
2002-08-16,31.116082327134333,-9.955979267115879,2.8985900709786714,-5.132792950472239
2002-08-17,31.609893573392085,-10.351614814342728,4.4069369333313695,-5.327644290726318
2002-08-18,30.631693870755846,-8.936650429371362,4.786755171656166,-6.287030805631165
2002-08-19,29.68843535821836,-8.96773708217851,3.6004382596250153,-6.440153982754665
2002-08-20,29.820034250537894,-9.358590078982324,3.601227838422926,-6.574439693924729
2002-08-21,29.847659170141988,-7.290037265068533,4.30715338061478,-7.604840610077621
2002-08-22,29.451468992932742,-6.857616491115064,1.522098107515534,-7.229289334836388
2002-08-23,31.551433734092978,-5.144655632153714,0.15568414723785562,-7.744035401891469
2002-08-24,31.395362693362625,-3.856514506307075,1.465844414468104,-6.661989592503099
2002-08-25,29.318708799144748,-4.540172352158237,1.2945893952548853,-6.75203030768213
2002-08-26,29.82567991263932,-4.440678425951284,2.8442648186248736,-7.355170230118064
2002-08-27,31.925985354373843,-3.1103450522707967,2.9682605711232175,-8.030570932442352
2002-08-28,32.32477527151242,-3.4494849494671853,3.9046495221164292,-7.410933899927028
2002-08-29,33.06743792896892,-3.165087463258405,4.1230295973588555,-8.952165019913723
2002-08-30,34.00869260645386,-2.457903103272021,3.85505801593825,-8.136057158110098
2002-08-31,33.752856532803214,-2.2979986018430574,3.20050228238246,-9.070803103081666
2002-09-01,35.111489914591616,-1.9509067834408178,6.696707856340934,-8.453300101103391
2002-09-02,33.725093373975135,-1.7603817700982602,7.263827274877905,-8.432944309597147
2002-09-03,35.199115119301695,-0.7884843887675467,7.2424033752465045,-9.334819456395644
2002-09-04,34.464747581194494,-1.503488178611733,6.882276678756262,-8.603626745994582
2002-09-05,34.315109117285736,-0.40089496465275287,7.43315819654574,-10.415129560983987
2002-09-06,35.073483426551114,-2.3051680312552945,7.347199308475067,-10.725246851621476
2002-09-07,34.68563583313521,-3.1003493876606902,6.868515062571362,-10.705976410099794
2002-09-08,34.6261388382443,-3.8516056843617337,7.601672658506584,-10.965182219359125
2002-09-09,33.58436543006688,-3.8929960716492125,7.299188753887017,-10.165452024490078
2002-09-10,31.68642240135475,-2.69604931129948,8.23350559011004,-9.283163915090945
2002-09-11,31.23167607317605,-1.7929667960186584,8.445059470036309,-8.30522331972556
2002-09-12,31.4114008118804,-2.0931613485926457,8.667250820163149,-6.6427674422169565
2002-09-13,31.932624471994806,-1.9332856095102977,7.034232383658912,-6.148802903796711
2002-09-14,32.86050648281056,-0.8729452209131523,5.595075712048632,-7.389347276218919
2002-09-15,33.23531834216148,-0.5255167525291238,5.6527566555679165,-6.958396775580006
2002-09-16,34.224468090643256,0.09859596338090004,6.370880149762884,-7.217140938178097
2002-09-17,33.105171038958765,0.06297457858849556,6.1829658833840515,-6.402437094518756
2002-09-18,32.38001897557754,1.3123142239084955,5.502721807758597,-6.057168126409925
2002-09-19,30.42368936100091,0.9688406095705702,6.130358540289276,-6.051248685653285
2002-09-20,31.860533053132865,1.5319741287146655,7.165218030267384,-7.017563586307125
2002-09-21,32.94679301253495,0.5877465445626273,7.799565894010272,-7.767566166310018
2002-09-22,32.6158161315466,1.9721536017243173,10.160392664732306,-8.513900255808792
2002-09-23,33.041871728944415,1.2591814557712646,9.10588355418664,-8.256022016188467
2002-09-24,32.24908567622717,2.255633901658159,8.966254150887186,-8.394257320923701
2002-09-25,34.60023950696598,0.41911718701745104,8.72692971293423,-9.349224802873081
2002-09-26,35.0893184591345,0.21563374396491178,8.704931445471008,-9.428469736742976
